DN,Longitude,Latitude
"1",124.9672074,11.3526205
"1",124.9658323,11.3524489
"1",124.9669772,11.3524413
"1",124.9660142,11.3522669
"1",124.9659152,11.3511829
"1",124.9642566,11.3497478
"1",124.9659957,11.3495554
"1",124.9322499,11.3439934
"1",124.9325247,11.3439916
"1",124.9328447,11.3438992
"1",124.9673275,11.3434001
"1",124.9671431,11.3432206
"1",124.9678733,11.3428541
"1",124.9682849,11.3427610
"1",124.9419057,11.3428454
"1",124.9420422,11.3427089
"1",124.9684210,11.3425793
"1",124.9422250,11.3426625
"1",124.9433090,11.3426704
"1",124.9441479,11.3425594
"1",124.9533071,11.3424990
"1",124.9422845,11.3424211
"1",124.9430021,11.3424314
"1",124.9432307,11.3423847
"1",124.9432981,11.3421809
"1",124.9531673,11.3421383
"1",124.9533963,11.3421368
"1",124.9429535,11.3420250
"1",124.9425247,11.3418169
"1",124.9441418,11.3416556
"1",124.9443250,11.3416544
"1",124.9425383,11.3415758
"1",124.9429505,11.3415730
"1",124.9426745,11.3413941
"1",124.9428564,11.3412121
"1",124.9442303,11.3412031
"1",124.9444135,11.3412019
"1",124.9430384,11.3410301
"1",124.9349776,11.3409927
"1",124.9678133,11.3407756
"1",124.9348854,11.3409029
"1",124.9432203,11.3408482
"1",124.9434951,11.3408463
"1",124.9444104,11.3407499
"1",124.9439513,11.3405722
"1",124.9434011,11.3404854
"1",124.9452323,11.3403829
"1",124.9686784,11.3400467
"1",124.9630908,11.3399935
"1",124.9444049,11.3399365
"1",124.9484710,11.3384634
"1",124.9637208,11.3383624
"1",124.9639040,11.3383611
"1",124.9644981,11.3381764
"1",124.9666480,11.3378005
"1",124.9668306,11.3377089
"1",124.9660056,11.3376240
"1",124.9661888,11.3376228
"1",124.9656380,11.3374457
"1",124.9696661,11.3371477
"1",124.9669580,11.3362619
"1",124.9665905,11.3360835
"1",124.9676437,11.3360765
"1",124.9678727,11.3360750
"1",124.9664518,11.3359037
"1",124.9647073,11.3352826
"1",124.9638818,11.3351073
"1",124.9486583,11.3323157
"1",124.9616565,11.3311450
"1",124.9640341,11.3305868
"1",124.9651310,11.3302632
"1",124.9097120,11.3294968
"1",124.9652600,11.3290421
"1",124.9095264,11.3291364
"1",124.9342508,11.3282524
"1",124.9625403,11.3264389
"1",124.9641385,11.3257504
"1",124.9188481,11.3260027
"1",124.9181142,11.3258267
"1",124.9639995,11.3255253
"1",124.9467782,11.3251873
"1",124.9642675,11.3245292
"1",124.9072959,11.3242697
"1",124.9074791,11.3242685
"1",124.9072947,11.3240889
"1",124.9644445,11.3236242
"1",124.9635714,11.3231780
"1",124.9632422,11.3219148
"1",124.9627546,11.3194904
"1",124.9364700,11.3177527
"1",124.8969843,11.3162007
"1",124.8977170,11.3161960
"1",124.9617288,11.3148745
"1",124.9616796,11.3143777
"1",124.9614504,11.3143340
"1",124.9613471,11.3126173
"1",124.9585348,11.3098339
"1",124.9637085,11.3097092
"1",124.9592662,11.3096483
"1",124.9641194,11.3095257
"1",124.9630527,11.3075442
"1",124.9656777,11.3030074
"1",124.9568855,11.3029752
"1",124.9654933,11.3028278
"1",124.9590361,11.3027350
"1",124.9588253,11.3020359
"1",124.9592512,11.3006998
"1",124.9620901,11.3006810
"1",124.9593873,11.3005182
"1",124.9622721,11.3004991
"1",124.9647422,11.3001211
"1",124.9591170,11.2998149
"1",124.9648224,11.2984484
"1",124.9659210,11.2983959
"1",124.9605161,11.2981606
"1",124.9658267,11.2979898
"1",124.9656426,11.2978554
"1",124.9644515,11.2977729
"1",124.9654218,11.2977123
"1",124.9646334,11.2975910
"1",124.9655492,11.2975849
"1",124.9657960,11.2975200
"1",124.9659143,11.2974017
"1",124.9657274,11.2968606
"1",124.9659106,11.2968594
"1",124.9633439,11.2965148
"1",124.9640735,11.2960581
"1",124.9659019,11.2955940
"1",124.9646607,11.2948791
"1",124.9083819,11.2946142
"1",124.9645184,11.2941569
"1",124.9656174,11.2941497
"1",124.9641448,11.2930748
"1",124.9568002,11.2931053
"1",124.9637302,11.2927159
"1",124.9641408,11.2924873
"1",124.9613938,11.2925506
"1",124.9612091,11.2923259
"1",124.9641368,11.2918998
"1",124.9639505,11.2914490
"1",124.9563943,11.2913182
"1",124.9111059,11.2910714
"1",124.9641263,11.2903632
"1",124.9636648,11.2898239
"1",124.9222573,11.2878356
"1",124.9593350,11.2860562
"1",124.9595181,11.2860550
"1",124.9591506,11.2858767
"1",124.9607952,11.2853235
"1",124.9635329,11.2839043
"1",124.9632121,11.2838613
"1",124.9094097,11.2838510
"1",124.9631590,11.2827769
"1",124.9039062,11.2825305
"1",124.9036761,11.2823512
"1",124.9030784,11.2819935
"1",124.9033532,11.2819917
"1",124.9051383,11.2818898
"1",124.9046328,11.2816219
"1",124.9627730,11.2798870
"1",124.9112035,11.2781448
"1",124.9091850,11.2775702
"1",124.9093655,11.2771623
"1",124.9431528,11.2764910
"1",124.9165016,11.2761220
"1",124.9761920,11.2736515
"0",124.9761367,11.2734607
"1",124.9646518,11.2733666
"1",124.9646481,11.2728243
"1",124.9647385,11.2726429
"1",124.9142823,11.2728822
"1",124.9133654,11.2727073
"1",124.9135486,11.2727062
"1",124.9133642,11.2725266
"1",124.9442502,11.2723646
"1",124.9131799,11.2723470
"1",124.9129956,11.2721674
"1",124.9453180,11.2716410
"1",124.9654636,11.2715535
"1",124.9649013,11.2696590
"1",124.9671429,11.2693730
"1",124.9675525,11.2690087
"1",124.9677344,11.2688267
"1",124.9288832,11.2651949
"1",124.9304989,11.2603033
"1",124.9297640,11.2599465
"1",124.9290290,11.2595897
"1",124.9453030,11.2557776
"1",124.9473156,11.2554933
"1",124.9452987,11.2551449
"1",124.9456180,11.2549620
"1",124.9483167,11.2545828
"1",124.9485908,11.2544906
"1",124.9470330,11.2543200
"1",124.9473987,11.2542273
"1",124.9442842,11.2540669
"1",124.9445589,11.2540651
"1",124.9456571,11.2539675
"1",124.9474875,11.2538199
"1",125.0032028,11.2533593
"1",124.9473022,11.2535048
"1",125.0030181,11.2531346
"1",125.0037964,11.2531294
"0",125.0052614,11.2531195
"1",125.0027880,11.2529554
"0",125.0031536,11.2528625
"0",125.0034268,11.2526438
"1",125.0050212,11.2529077
"1",125.0060004,11.2527349
"1",125.0022355,11.2525072
"1",125.0024186,11.2525060
"1",125.0039066,11.2525185
"1",125.0042040,11.2524939
"1",125.0065846,11.2524779
"1",125.0068135,11.2524763
"1",125.0069966,11.2524751
"1",125.0071798,11.2524738
"0",125.0033336,11.2524094
"0",125.0035167,11.2524082
"1",124.9546219,11.2526432
"1",125.0024631,11.2523249
"1",125.0027535,11.2523832
"1",125.0031669,11.2526569
"1",124.9543450,11.2523287
"1",125.0009489,11.2518379
"1",125.0014071,11.2518801
"1",124.9544345,11.2520117
"1",124.9549836,11.2519629
"1",125.0012227,11.2517005
"1",125.0072199,11.2516601
"1",125.0010226,11.2514608
"1",125.0012208,11.2514294
"1",125.0023189,11.2513316
"1",124.9763149,11.2514152
"1",125.0012196,11.2512486
"1",125.0017686,11.2511997
"1",124.9536061,11.2513844
"0",125.0006226,11.2509815
"1",125.0007488,11.2510985
"1",125.0010340,11.2508883
"1",125.0021325,11.2508551
"1",125.0004833,11.2507112
"1",125.0017652,11.2507026
"1",125.0022221,11.2505639
"1",124.9623455,11.2506038
"1",124.9767201,11.2504182
"1",125.0026770,11.2501541
"1",124.9756647,11.2500637
"1",124.9749316,11.2499781
"1",124.9770375,11.2499641
"1",124.9756629,11.2497925
"1",125.0004759,11.2496266
"1",124.9771266,11.2496020
"1",125.0022142,11.2494342
"1",125.0082572,11.2493934
"1",125.0077072,11.2493067
"1",125.0088969,11.2492083
"1",124.9671415,11.2489451
"1",124.9693390,11.2489306
"1",125.0024839,11.2487092
"1",124.9761745,11.2487346
"1",124.9995036,11.2480514
"1",125.0020208,11.2479441
"1",125.0027536,11.2479843
"1",125.0054082,11.2478761
"1",124.9792214,11.2479611
"1",124.9961601,11.2478479
"1",124.9968926,11.2478430
"1",124.9995020,11.2478254
"1",124.9793736,11.2478998
"1",124.9745490,11.2475854
"1",125.0051304,11.2474260
"1",125.0023830,11.2473541
"1",125.0053123,11.2472440
"1",124.9950570,11.2472226
"1",125.0002759,11.2471875
"1",125.0020155,11.2471758
"1",125.0048539,11.2471567
"1",125.0015571,11.2470885
"1",125.0082710,11.2469830
"1",125.0086529,11.2470407
"1",124.9994500,11.2469219
"1",125.0026546,11.2469004
"1",125.0090940,11.2468268
"1",124.9951455,11.2467700
"1",125.0000897,11.2467368
"1",125.0010052,11.2467307
"1",125.0014630,11.2467276
"1",125.0017549,11.2465629
"1",124.9739945,11.2468208
"1",124.9971591,11.2466661
"1",125.0052163,11.2466119
"1",125.0008206,11.2465060
"1",125.0072752,11.2464173
"1",125.0012432,11.2463788
"1",124.9988969,11.2463833
"1",125.0006668,11.2463413
"1",125.0086937,11.2463173
"1",124.9999034,11.2462862
"1",125.0048777,11.2461924
"1",124.9782947,11.2463403
"1",124.9785691,11.2462932
"1",125.0004522,11.2461921
"1",125.0016424,11.2461841
"1",124.9742654,11.2462766
"1",124.9750895,11.2462712
"1",124.9988035,11.2461128
"1",125.0008175,11.2460540
"1",125.0018249,11.2460925
"1",125.0030764,11.2461142
"1",124.9966967,11.2459913
"1",125.0042048,11.2459860
"1",125.0049979,11.2459204
"1",125.0055782,11.2459768
"1",124.9782013,11.2460697
"1",124.9973373,11.2459418
"1",125.0011828,11.2459160
"1",125.0031055,11.2459031
"1",125.0034717,11.2459006
"1",125.0059438,11.2458839
"1",124.9814968,11.2459574
"1",124.9996714,11.2458358
"1",125.0028603,11.2457541
"1",125.0053938,11.2457973
"1",125.0055769,11.2457960
"1",125.0003878,11.2457104
"1",125.0052095,11.2456177
"1",125.0089634,11.2455924
"1",125.0007225,11.2455575
"1",124.9647388,11.2457070
"1",124.9980660,11.2453946
"1",124.9641882,11.2455298
"1",124.9998050,11.2452926
"1",125.0061683,11.2452497
"1",124.9793866,11.2453387
"1",124.9963251,11.2452255
"1",124.9976070,11.2452169
"1",125.0038330,11.2451751
"1",125.0073122,11.2451516
"1",125.0091433,11.2451393
"1",124.9721986,11.2452961
"1",125.0021382,11.2450509
"1",125.0037408,11.2450853
"1",125.0046564,11.2450791
"1",125.0059685,11.2450402
"1",124.9998947,11.2450208
"1",125.0007187,11.2450152
"1",125.0049304,11.2449869
"1",125.0076544,11.2449911
"1",124.9631328,11.2451752
"1",124.9716022,11.2451192
"1",124.9720600,11.2451162
"1",124.9749896,11.2450516
"1",124.9987035,11.2448932
"1",124.9991616,11.2449353
"1",125.0080428,11.2448755
"1",125.0088668,11.2448700
"1",124.9964142,11.2448634
"1",124.9995724,11.2447518
"1",124.9998019,11.2448406
"1",125.0050207,11.2448055
"1",125.0084999,11.2447820
"1",124.9717841,11.2449373
"1",125.0016324,11.2447379
"1",125.0074922,11.2446985
"1",124.9751712,11.2448244
"1",124.9781927,11.2448043
"1",125.0000753,11.2446580
"1",125.0066516,11.2447206
"1",125.0074000,11.2446087
"1",125.0088191,11.2445991
"1",124.9781005,11.2447145
"1",124.9969617,11.2445886
"1",124.9986098,11.2445775
"1",125.0009903,11.2445615
"1",125.0019059,11.2445553
"1",125.0022263,11.2445532
"1",125.0038286,11.2445424
"1",125.0061784,11.2444964
"1",125.0078268,11.2445456
"1",125.0090474,11.2445072
"1",124.9985176,11.2444877
"1",124.9987007,11.2444865
"1",124.9991585,11.2444834
"1",125.0069106,11.2444614
"1",124.9984254,11.2443980
"1",124.9999819,11.2443875
"1",125.0005312,11.2443838
"1",125.0040406,11.2442999
"1",125.0062991,11.2442998
"1",124.9647309,11.2445320
"1",125.0033689,11.2442743
"1",125.0067263,11.2442818
"1",125.0089082,11.2442370
"1",125.0023311,11.2442512
"1",124.9651423,11.2444389
"1",124.9654627,11.2444367
"1",124.9657374,11.2444349
"1",124.9990193,11.2442132
"1",125.0032767,11.2441846
"1",124.9774565,11.2442669
"1",124.9780058,11.2442632
"1",124.9992930,11.2440758
"1",125.0003463,11.2441139
"1",125.0016281,11.2441053
"1",125.0028407,11.2440293
"1",125.0065722,11.2440720
"1",125.0073962,11.2440664
"1",124.9988807,11.2440333
"1",125.0004827,11.2439774
"1",125.0018106,11.2440136
"1",125.0025430,11.2440087
"1",125.0082196,11.2439705
"1",124.9984914,11.2440134
"1",124.9990174,11.2439420
"1",125.0068456,11.2438893
"1",124.9992454,11.2438049
"1",125.0001613,11.2438440
"1",125.0023888,11.2437687
"1",124.9980548,11.2437677
"1",125.0005775,11.2437206
"1",125.0046928,11.2437231
"1",124.9993357,11.2436235
"1",125.0010756,11.2436570
"1",125.0032117,11.2436125
"1",125.0041883,11.2435909
"1",124.9998847,11.2435747
"1",125.0081249,11.2435192
"1",124.9989992,11.2435204
"1",125.0010286,11.2434766
"1",124.9630773,11.2437294
"1",124.9776353,11.2436330
"1",125.0048279,11.2434058
"1",125.0051026,11.2434040
"1",125.0076294,11.2433598
"1",124.9775431,11.2435432
"1",125.0006462,11.2433586
"1",125.0071623,11.2433449
"1",124.9601461,11.2435679
"1",124.9604208,11.2435661
"1",124.9606955,11.2435643
"1",124.9790075,11.2434431
"1",124.9990891,11.2432787
"1",124.9995166,11.2433060
"1",125.0050098,11.2432238
"1",125.0052845,11.2432220
"1",125.0016218,11.2432014
"1",124.9998816,11.2431227
"1",125.0018959,11.2431092
"1",125.0041848,11.2430938
"1",124.9986910,11.2430855
"1",125.0011625,11.2429786
"1",125.0040923,11.2429588
"1",125.0048709,11.2429988
"1",124.9975914,11.2429574
"1",125.0001550,11.2429401
"1",125.0056027,11.2429035
"1",125.0061978,11.2428995
"1",124.9797826,11.2429860
"1",125.0014362,11.2428411
"1",124.9718621,11.2429482
"1",124.9720452,11.2429470
"1",124.9987346,11.2427689
"1",125.0050063,11.2427267
"1",124.9985051,11.2426801
"1",125.0060125,11.2425843
"1",124.9612399,11.2428376
"1",124.9796434,11.2427157
"1",124.9799181,11.2427139
"1",125.0012509,11.2425260
"1",124.9869675,11.2425765
"1",125.0030818,11.2424685
"1",125.0059197,11.2424042
"1",124.9765292,11.2425557
"1",124.9989610,11.2424058
"1",124.9994188,11.2424028
"1",125.0018451,11.2423864
"1",125.0026688,11.2423357
"1",125.0028980,11.2423794
"1",124.9988689,11.2423161
"1",125.0035383,11.2422847
"1",125.0045454,11.2422779
"1",125.0047285,11.2422766
"1",125.0050945,11.2422290
"1",125.0008825,11.2422121
"1",125.0016150,11.2422072
"1",125.0024996,11.2421410
"1",125.0058260,11.2420885
"1",125.0084810,11.2420525
"1",124.9987754,11.2420455
"1",125.0018884,11.2420246
"1",125.0035210,11.2419835
"1",125.0043144,11.2419631
"1",125.0052757,11.2419566
"1",124.9990953,11.2419530
"1",125.0017962,11.2419348
"1",125.0086630,11.2418886
"1",124.9803252,11.2419881
"1",124.9978583,11.2418257
"1",125.0070144,11.2418093
"1",125.0028021,11.2417473
"1",125.0041755,11.2417380
"1",125.0045417,11.2417356
"1",124.9774398,11.2418265
"1",124.9807360,11.2418046
"1",125.0031671,11.2415641
"1",125.0033502,11.2415628
"1",125.0071956,11.2415369
"1",125.0083858,11.2415289
"1",124.9776217,11.2416445
"1",125.0015184,11.2414848
"1",125.0042952,11.2414058
"1",125.0057301,11.2414564
"1",124.9995035,11.2414079
"1",125.0014262,11.2413950
"1",125.0025249,11.2413876
"1",125.0082015,11.2413494
"1",125.0059814,11.2413869
"1",125.0065986,11.2412698
"1",125.0027987,11.2412502
"1",125.0031652,11.2412929
"1",125.0055150,11.2412470
"1",125.0057589,11.2412152
"1",124.9969387,11.2412444
"1",125.0048739,11.2412211
"1",125.0036217,11.2411091
"1",125.0067347,11.2410881
"1",125.0030715,11.2409772
"1",124.9699271,11.2411532
"1",124.9969362,11.2408828
"1",124.9981873,11.2408443
"1",125.0004154,11.2408595
"1",124.9655310,11.2410015
"1",124.9672706,11.2409900
"1",125.0003232,11.2407697
"1",125.0008267,11.2407663
"1",124.9786233,11.2408244
"1",124.9993154,11.2406861
"1",125.0002310,11.2406799
"1",125.0054498,11.2406448
"1",124.9657129,11.2408195
"1",124.9669032,11.2408117
"1",124.9678188,11.2408056
"1",124.9788052,11.2406424
"1",124.9663910,11.2406719
"1",124.9669020,11.2406309
"1",124.9674971,11.2406270
"1",125.0018772,11.2403977
"1",124.9991298,11.2403258
"1",125.0012356,11.2403116
"1",124.9659851,11.2404562
"1",125.0027300,11.2401509
"1",124.9788027,11.2402808
"1",125.0016922,11.2401278
"1",125.0018750,11.2400814
"1",124.9637865,11.2402899
"1",124.9643358,11.2402863
"1",124.9647021,11.2402839
"1",124.9657092,11.2402772
"1",124.9681813,11.2402609
"1",124.9684560,11.2402591
"1",125.0042548,11.2399750
"1",125.0058116,11.2400097
"1",125.0059947,11.2400084
"1",124.9990358,11.2399649
"1",125.0020572,11.2399446
"1",125.0025149,11.2399415
"1",125.0031558,11.2399372
"1",125.0039799,11.2399316
"1",124.9630986,11.2401137
"1",124.9633733,11.2401119
"1",124.9651587,11.2401001
"1",124.9654791,11.2400980
"1",125.0013190,11.2398211
"1",125.0022390,11.2397626
"1",125.0043445,11.2397032
"1",125.0046195,11.2397465
"1",124.9798068,11.2398222
"1",124.9969642,11.2396353
"1",125.0029709,11.2396673
"1",125.0054429,11.2396506
"1",124.9984839,11.2396070
"1",125.0002844,11.2395648
"1",125.0005898,11.2395929
"1",124.9610360,11.2397657
"1",124.9833763,11.2396177
"1",125.0021269,11.2394379
"1",125.0032437,11.2393943
"1",125.0038836,11.2392544
"1",125.0035171,11.2392116
"1",125.0042037,11.2392070
"1",124.9691823,11.2393504
"1",125.0058966,11.2390600
"1",125.0042941,11.2390256
"1",124.9695016,11.2391675
"1",125.0011341,11.2388661
"1",125.0026906,11.2388557
"1",124.9664789,11.2390067
"1",124.9667994,11.2390046
"1",124.9716520,11.2389725
"1",124.9748565,11.2389512
"1",125.0014075,11.2386835
"1",125.0039717,11.2387566
"1",125.0047042,11.2387517
"1",125.0040627,11.2386656
"1",124.9716050,11.2387920
"1",124.9722001,11.2387881
"1",125.0010173,11.2385280
"1",124.9663385,11.2385557
"1",125.0029163,11.2384022
"1",125.0032368,11.2384000
"1",125.0044270,11.2383920
"1",125.0047926,11.2382992
"1",124.9638200,11.2384819
"1",124.9661548,11.2384665
"1",125.0013125,11.2381870
"1",125.0020453,11.2382273
"1",125.0044258,11.2382113
"1",124.9981993,11.2381627
"1",125.0000304,11.2381504
"1",124.9645971,11.2382960
"1",124.9657415,11.2382884
"1",124.9659704,11.2382869
"1",124.9783308,11.2382050
"1",125.0005103,11.2380342
"1",125.0011285,11.2380527
"1",125.0026850,11.2380422
"1",124.9624900,11.2381291
"1",124.9626731,11.2381279
"1",124.9651910,11.2381113
"1",124.9656945,11.2381080
"1",124.9675257,11.2380959
"1",124.9678462,11.2380938
"1",124.9837314,11.2379883
"1",124.9839146,11.2379871
"1",125.0014935,11.2378694
"1",125.0004857,11.2377858
"1",125.0027746,11.2377704
"1",124.9604745,11.2379616
"1",124.9623056,11.2379496
"1",124.9837302,11.2378076
"1",124.9992641,11.2376735
"1",125.0010164,11.2377280
"1",125.0015609,11.2376882
"1",125.0042389,11.2376702
"1",125.0053376,11.2376628
"1",125.0006811,11.2376683
"1",125.0026818,11.2375903
"1",125.0046961,11.2375767
"1",124.9595577,11.2377869
"1",124.9597408,11.2377857
"1",124.9602444,11.2377824
"1",124.9833627,11.2376292
"1",124.9995577,11.2374606
"1",125.0019030,11.2375051
"1",125.0013524,11.2373281
"1",125.0015816,11.2373717
"1",124.9589155,11.2376103
"1",124.9591444,11.2376088
"1",124.9593733,11.2376073
"1",125.0000063,11.2373010
"1",125.0022680,11.2373219
"1",125.0002681,11.2372148
"1",125.0016719,11.2371903
"1",125.0020378,11.2371427
"1",125.0024498,11.2371399
"1",124.9991074,11.2370720
"1",125.0006904,11.2367563
"1",124.9610189,11.2372349
"1",124.9613852,11.2372325
"1",124.9912329,11.2370344
"1",124.9995994,11.2370574
"1",125.0008463,11.2369699
"1",125.0020366,11.2369619
"1",125.0023112,11.2369601
"1",125.0000884,11.2368928
"1",124.9901330,11.2368610
"1",124.9991965,11.2367098
"1",124.9995445,11.2367256
"1",125.0030418,11.2366840
"1",125.0219016,11.2364661
"1",125.0221762,11.2364643
"1",125.0223594,11.2364630
"1",125.0218088,11.2362860
"1",124.9993382,11.2363990
"1",124.9998935,11.2364011
"1",124.9594576,11.2365221
"1",124.9789594,11.2363931
"1",125.0007495,11.2362023
"1",125.0214413,11.2361077
"1",124.9999021,11.2361402
"1",125.0212572,11.2359734
"1",124.9599141,11.2363383
"1",124.9787750,11.2362135
"1",124.9820711,11.2361916
"1",124.9822542,11.2361904
"1",124.9894871,11.2361422
"1",124.9896703,11.2361409
"1",124.9994668,11.2360753
"1",125.0001077,11.2360710
"1",125.0000155,11.2359812
"1",124.9773089,11.2360425
"1",124.9819325,11.2360118
"1",124.9822529,11.2360096
"1",125.0045920,11.2357697
"1",124.9771245,11.2358630
"1",124.9899425,11.2357776
"1",124.9941083,11.2357497
"1",124.9996474,11.2357126
"1",125.0001961,11.2356185
"1",124.9763896,11.2355063
"1",124.9766643,11.2355045
"1",124.9940600,11.2353885
"1",125.0037649,11.2353233
"1",125.0001021,11.2352576
"1",124.9616019,11.2354233
"1",124.9761137,11.2353273
"1",124.9763884,11.2353255
"1",124.9765715,11.2353243
"1",125.0037630,11.2350522
"1",124.9586238,11.2350813
"1",124.9932323,11.2348517
"1",125.0010132,11.2346187
"1",124.9608193,11.2347957
"1",125.0048530,11.2337794
"1",124.9759195,11.2337016
"1",125.0304862,11.2333346
"1",124.9580647,11.2336388
"1",124.9616354,11.2336153
"1",124.9756436,11.2335227
"1",124.9758267,11.2335215
"1",125.0228810,11.2324825
"1",124.9926643,11.2321439
"1",125.0040629,11.2320674
"1",125.0041983,11.2317953
"1",124.9924787,11.2317835
"1",125.0289172,11.2315376
"1",124.9795682,11.2316889
"1",124.9797513,11.2316876
"1",124.9981075,11.2314747
"1",124.9791092,11.2315111
"1",124.9794754,11.2315087
"1",124.9797959,11.2315066
"1",124.9801163,11.2315044
"1",124.9803910,11.2315026
"1",124.9805741,11.2315014
"1",124.9951771,11.2314039
"1",124.9954975,11.2314018
"1",124.9975575,11.2313880
"1",124.9802524,11.2313228
"1",125.0011721,11.2310926
"1",125.0008968,11.2310040
"1",125.0016286,11.2309087
"1",124.9789224,11.2309700
"1",125.0023604,11.2308134
"1",125.0037113,11.2308721
"1",124.9616629,11.2309034
"1",125.0023591,11.2306326
"1",124.9787374,11.2307001
"1",124.9888079,11.2305426
"1",125.0021290,11.2304534
"1",124.9629880,11.2305331
"1",124.9996100,11.2302896
"1",124.9994487,11.2301325
"1",124.9875211,11.2298281
"1",124.9975006,11.2297614
"1",124.9977294,11.2297598
"1",125.0048706,11.2297119
"1",124.9675609,11.2297799
"1",124.9900822,11.2294495
"1",125.0044561,11.2293531
"1",124.9968535,11.2288618
"1",124.9974943,11.2288575
"1",125.0246856,11.2286740
"1",124.9631601,11.2289050
"1",124.9845840,11.2287631
"1",124.9971727,11.2286789
"1",124.9974015,11.2286774
"1",124.9840334,11.2285859
"1",124.9629739,11.2284543
"1",124.9881484,11.2278354
"1",124.9895217,11.2278262
"1",124.9897048,11.2278250
"1",125.0003708,11.2277536
"1",124.9883303,11.2276534
"1",124.9885134,11.2276522
"1",124.9893374,11.2276467
"1",124.9895205,11.2276455
"1",125.0223870,11.2272886
"1",124.9893361,11.2274659
"1",124.9995443,11.2273976
"1",125.0044377,11.2266868
"1",124.9772461,11.2268233
"1",125.0042543,11.2266429
"1",124.9770617,11.2266437
"1",125.0042531,11.2264621
"1",125.0044362,11.2264609
"1",125.0046193,11.2264596
"1",124.9768774,11.2264642
"1",125.0221954,11.2260697
"1",124.9766930,11.2262846
"1",124.9631430,11.2263742
"1",125.0047083,11.2260975
"1",125.0217370,11.2259824
"1",124.9765087,11.2261051
"1",124.9761413,11.2259267
"1",124.9627731,11.2258343
"1",125.0211356,11.2250826
"1",125.0279562,11.2250363
"1",124.9625851,11.2251124
"1",125.0045165,11.2248333
"1",125.0042864,11.2246541
"1",125.0211764,11.2243593
"1",125.0215426,11.2243568
"1",124.9911449,11.2241999
"1",125.0046946,11.2241091
"1",125.0211739,11.2239978
"1",125.0040528,11.2239778
"1",124.9909605,11.2240203
"1",125.0022215,11.2239449
"1",125.0213551,11.2237254
"1",125.0217219,11.2238133
"1",125.0039597,11.2237524
"1",125.0044175,11.2237494
"1",125.0048295,11.2237466
"1",124.9808873,11.2237259
"1",125.0032261,11.2235766
"1",125.0047367,11.2235664
"1",124.9642233,11.2236554
"1",124.9807029,11.2235464
"1",125.0032248,11.2233958
"1",125.0211231,11.2232750
"1",124.9638559,11.2234771
"1",125.0030405,11.2232163
"1",124.9759397,11.2232164
"1",124.9799656,11.2228281
"1",125.0200639,11.2223783
"1",124.9865549,11.2224227
"1",125.0271120,11.2221497
"1",125.0275688,11.2220110
"1",125.0271102,11.2218786
"1",125.0275638,11.2212880
"1",124.9805063,11.2215591
"1",125.0218874,11.2212813
"1",125.0256409,11.2212558
"1",124.9777585,11.2213966
"1",125.0257306,11.2209841
"1",125.0275610,11.2208812
"1",125.0033002,11.2210453
"1",125.0272854,11.2207475
"1",125.0279259,11.2206980
"1",125.0275133,11.2206104
"1",125.0202345,11.2205694
"1",124.9773880,11.2207663
"1",125.0198670,11.2203912
"1",125.0200501,11.2203899
"1",125.0204163,11.2203874
"1",124.9772030,11.2204964
"1",125.0273719,11.2200239
"1",124.9775667,11.2201324
"1",124.9779330,11.2201300
"1",125.0042985,11.2197731
"1",125.0046647,11.2197707
"1",125.0200451,11.2196669
"1",125.0255381,11.2196296
"1",125.0273690,11.2196171
"1",125.0225157,11.2194693
"1",125.0227903,11.2194675
"1",125.0271837,11.2193021
"1",125.0274581,11.2192550
"1",124.9667587,11.2194808
"1",124.9986186,11.2192689
"1",125.0272737,11.2190755
"1",124.9665740,11.2192560
"1",125.0238826,11.2185562
"1",125.0251643,11.2185475
"1",125.0225997,11.2183841
"1",125.0248884,11.2183686
"1",125.0041054,11.2183282
"1",125.0274505,11.2181704
"1",125.0247034,11.2180987
"1",125.0242447,11.2179662
"1",125.0278154,11.2179872
"1",125.0239698,11.2179229
"1",125.0275395,11.2178083
"1",125.0240600,11.2177415
"1",125.0273555,11.2176739
"1",125.0241510,11.2176505
"1",124.9953116,11.2176641
"1",125.0255532,11.2174301
"1",124.9668024,11.2174806
"1",124.9836822,11.2173801
"1",124.9667409,11.2168596
"1",124.9667379,11.2164077
"1",125.0477589,11.2158624
"1",125.0479420,11.2158611
"1",125.0483082,11.2158586
"1",124.9863273,11.2159163
"1",125.0075656,11.2155933
"0",125.0476405,11.2162438
"1",125.0487598,11.2149969
"1",125.0086617,11.2152244
"1",125.0485764,11.2149529
"1",125.0249431,11.2130806
"1",125.0265913,11.2131146
"1",125.0247578,11.2127655
"1",125.0265850,11.2122108
"1",125.0264922,11.2120307
"1",125.0241539,11.2115042
"1",124.9833644,11.2110551
"1",125.0243715,11.2098758
"1",124.9937935,11.2099009
"1",124.9838123,11.2096059
"1",124.9835367,11.2094721
"1",124.9833075,11.2094285
"1",124.9828016,11.2090703
"0",125.1098960,11.2090260
"1",124.9827088,11.2088901
"1",124.9824332,11.2087563
"1",124.9822486,11.2085316
"1",124.9869175,11.2085006
"1",125.0240843,11.2080700
"1",125.0275630,11.2080464
"1",125.0255026,11.2079700
"1",125.0237469,11.2078313
"1",125.0259139,11.2078768
"1",124.9851741,11.2079246
"1",124.9853575,11.2079686
"1",125.0240347,11.2075280
"1",125.0233462,11.2072615
"1",125.0211485,11.2071861
"1",125.0213316,11.2071848
"1",125.0231622,11.2071272
"1",124.9944158,11.2071851
"1",125.0235265,11.2068536
"1",125.0216940,11.2066400
"1",125.0220144,11.2066379
"1",125.0253101,11.2066155
"1",125.0247138,11.2064388
"1",124.9851645,11.2065237
"1",125.0259026,11.2062500
"1",124.9856210,11.2063399
"1",125.0245967,11.2060554
"1",125.0262217,11.2060670
"1",125.0270914,11.2060611
"1",125.0267240,11.2058828
"1",125.0270902,11.2058804
"1",125.0269064,11.2057912
"1",125.0238848,11.2057213
"1",125.0265396,11.2057033
"1",125.0270889,11.2056996
"1",125.0243413,11.2055375
"1",125.0265078,11.2055077
"1",125.0274081,11.2055166
"1",125.0234246,11.2053629
"1",125.0244316,11.2053561
"1",124.9869881,11.2054269
"1",125.0233318,11.2051828
"1",125.0230575,11.2052298
"1",124.9868038,11.2052473
"1",125.0261684,11.2049827
"1",125.0230089,11.2048234
"1",125.0232377,11.2048219
"1",125.0230534,11.2046423
"1",125.0228690,11.2044628
"1",124.9873456,11.2041591
"1",125.0239168,11.2037326
"1",125.0246949,11.2037273
"1",124.9854913,11.2007367
"1",124.9856744,11.2007354
"1",125.0124004,11.1998334
"1",125.0204563,11.1997790
"1",125.0208224,11.1997766
"1",125.0193540,11.1992442
"1",125.0198117,11.1992411
"1",125.0232903,11.1992175
"1",125.0241142,11.1992120
"1",125.0180253,11.1990724
"1",125.0188950,11.1990665
"1",125.0193069,11.1990637
"1",125.0234722,11.1990355
"1",125.0246622,11.1990275
"1",125.0236998,11.1988532
"1",125.0253011,11.1987520
"1",125.0238358,11.1986715
"1",124.9869424,11.1987385
"1",125.0242923,11.1984877
"1",125.0255281,11.1984793
"1",125.0025037,11.1984538
"1",125.0245656,11.1983050
"1",125.0255726,11.1982982
"1",125.0241067,11.1981274
"1",125.0122964,11.1980264
"1",125.0249751,11.1979407
"1",125.0126601,11.1976624
"1",125.0237825,11.1975872
"1",125.0237355,11.1974068
"1",125.0156785,11.1972805
"1",125.0221322,11.1972369
"1",125.0191558,11.1970762
"1",125.0196593,11.1970728
"1",125.0217190,11.1970589
"1",125.0223598,11.1970546
"1",125.0235499,11.1970465
"1",125.0209854,11.1968831
"1",125.0216652,11.1968398
"1",125.0222213,11.1968747
"1",125.0227247,11.1968713
"1",125.0235486,11.1968657
"1",125.0208011,11.1967036
"1",125.0217165,11.1966974
"1",125.0048720,11.1967205
"1",125.0191521,11.1965339
"1",125.0214036,11.1964645
"1",125.0252829,11.1961309
"1",125.0158534,11.1961043
"1",125.0173720,11.1959494
"1",125.0176837,11.1960015
"1",125.0157581,11.1955626
"1",125.0200042,11.1939974
"1",125.0246270,11.1939661
"1",125.0243141,11.1937332
"0",125.0238000,11.1935197
"1",125.0191891,11.1936187
"1",125.0174830,11.1934721
"1",125.0188562,11.1934628
"1",125.0243029,11.1934260
"1",125.0236720,11.1934224
"0",125.0234326,11.1933415
"1",125.0181683,11.1932867
"1",125.0184430,11.1932848
"1",125.0187634,11.1932827
"1",125.0237066,11.1932492
"1",125.0143681,11.1931315
"1",125.0181210,11.1930610
"1",125.0231103,11.1930725
"1",125.0140922,11.1929526
"1",125.0143669,11.1929508
"1",125.0129016,11.1928703
"1",125.0127179,11.1927811
"1",125.0172949,11.1927503
"1",125.0177984,11.1927469
"1",125.0235197,11.1927082
"1",125.0127166,11.1926003
"1",125.0172937,11.1925695
"1",125.0217792,11.1925392
"1",125.0228085,11.1927026
"1",125.0127154,11.1924196
"1",125.0165601,11.1923937
"1",125.0191233,11.1923764
"1",125.0196267,11.1923730
"1",125.0201760,11.1923692
"1",125.0213202,11.1923615
"1",125.0219610,11.1923572
"1",125.0222357,11.1923553
"1",125.0224187,11.1923541
"1",125.0187866,11.1922280
"1",125.0125310,11.1922401
"1",125.0166046,11.1922126
"1",125.0195797,11.1921925
"1",125.0222344,11.1921745
"1",125.0163752,11.1921238
"1",125.0161908,11.1919442
"1",125.0194869,11.1920124
"1",125.0221874,11.1919941
"1",125.0190280,11.1918347
"1",125.0193026,11.1918328
"1",125.0163723,11.1917170
"1",125.0160059,11.1916743
"1",125.0181571,11.1916598
"1",125.0188436,11.1916552
"1",125.0180185,11.1914800
"1",125.0182016,11.1914787
"1",125.0159961,11.1914607
"1",125.0156372,11.1913152
"1",125.0177426,11.1913010
"1",125.0155902,11.1911348
"1",125.0206707,11.1911005
"1",125.0203948,11.1909216
"1",125.0205779,11.1909203
"1",125.0148999,11.1905971
"1",125.0143469,11.1900585
"1",125.0133393,11.1899749
"1",125.0156272,11.1898691
"1",125.0092178,11.1896863
"1",125.0101636,11.1896649
"1",125.0111862,11.1897183
"1",125.0099498,11.1896362
"1",125.0020767,11.1895986
"1",125.0018923,11.1894191
"1",125.0093987,11.1893687
"1",125.0096275,11.1893672
"1",125.0115041,11.1893546
"1",125.0048192,11.1890379
"1",125.0050938,11.1890361
"1",125.0084808,11.1890134
"1",125.0212964,11.1889270
"1",125.0105850,11.1888184
"1",125.0211121,11.1887475
"1",125.0212952,11.1887462
"1",125.0103091,11.1886395
"1",125.0110847,11.1887126
"1",125.0209278,11.1885679
"1",125.0211108,11.1885667
"1",125.0128710,11.1884415
"1",125.0121374,11.1882657
"1",125.0126867,11.1882620
"1",125.0103054,11.1880972
"1",125.0124566,11.1880827
"1",125.0196424,11.1880343
"1",125.0198255,11.1880331
"1",125.0093887,11.1879226
"1",125.0101210,11.1879177
"1",125.0189089,11.1878585
"1",125.0192750,11.1878560
"1",125.0194581,11.1878548
"1",125.0196412,11.1878535
"1",125.0090213,11.1877443
"1",125.0165276,11.1876938
"1",125.0189076,11.1876777
"1",125.0192738,11.1876752
"1",125.0082420,11.1875688
"1",125.0085624,11.1875666
"1",125.0146955,11.1875253
"1",125.0203704,11.1873967
"1",125.0080119,11.1873895
"1",125.0081950,11.1873883
"1",125.0138704,11.1873501
"1",125.0140535,11.1873489
"1",125.0142824,11.1873474
"1",125.0145112,11.1873458
"1",125.0097499,11.1871971
"1",125.0140523,11.1871681
"1",125.0150592,11.1871613
"1",125.0157903,11.1869756
"1",125.0091982,11.1868392
"1",125.0179860,11.1867801
"1",125.0097462,11.1866548
"1",125.0176173,11.1864210
"1",125.0174330,11.1862415
"1",125.0176161,11.1862402
"1",125.0173402,11.1860613
"1",125.0172474,11.1858812
"1",125.0102870,11.1854309
"1",125.0101036,11.1853870
"1",125.0098050,11.1852308
"1",125.0101023,11.1852062
"1",125.0133965,11.1850033
"1",125.0115470,11.1823041
"0",124.9550513,11.2724538
